"","country","year","SL.UEM.TOTL.ZS","SI.POV.GINI","NY.GDP.PCAP.PP.KD","SM.POP.NETM"
"1","Denmark",1960,NA,NA,NA,-726
"2","Denmark",1961,NA,NA,NA,-400
"3","Denmark",1962,NA,NA,NA,152
"4","Denmark",1963,NA,NA,NA,545
"5","Denmark",1964,NA,NA,NA,1060
"6","Denmark",1965,NA,NA,NA,1584
"7","Denmark",1966,NA,NA,NA,2089
"8","Denmark",1967,NA,NA,NA,2561
"9","Denmark",1968,NA,NA,NA,2961
"10","Denmark",1969,NA,NA,NA,3337
"11","Denmark",1970,NA,NA,NA,3763
"12","Denmark",1971,NA,NA,NA,4087
"13","Denmark",1972,NA,NA,NA,4349
"14","Denmark",1973,NA,NA,NA,4568
"15","Denmark",1974,NA,NA,NA,4635
"16","Denmark",1975,NA,NA,NA,4643
"17","Denmark",1976,NA,NA,NA,4527
"18","Denmark",1977,NA,NA,NA,4254
"19","Denmark",1978,NA,NA,NA,3905
"20","Denmark",1979,NA,NA,NA,3449
"21","Denmark",1980,NA,NA,NA,2904
"22","Denmark",1981,NA,NA,NA,2575
"23","Denmark",1982,NA,NA,NA,2456
"24","Denmark",1983,NA,NA,NA,2606
"25","Denmark",1984,NA,NA,NA,2926
"26","Denmark",1985,NA,NA,NA,3498
"27","Denmark",1986,NA,NA,NA,4227
"28","Denmark",1987,NA,26.2,NA,5265
"29","Denmark",1988,NA,NA,NA,6443
"30","Denmark",1989,NA,NA,NA,7849
"31","Denmark",1990,NA,NA,39027.9787365148,9449
"32","Denmark",1991,9.1,NA,39469.3228084159,10812
"33","Denmark",1992,9.03,24.7,40108.8919453015,11990
"34","Denmark",1993,10.72,NA,39979.7573849561,13011
"35","Denmark",1994,8.04,NA,41969.6887111547,13723
"36","Denmark",1995,6.99,23,43015.6775097607,14157
"37","Denmark",1996,6.84,NA,44013.3855851544,14394
"38","Denmark",1997,5.4,NA,45260.1371186812,14313
"39","Denmark",1998,5.04,NA,46096.3697234041,13972
"40","Denmark",1999,5.14,NA,47298.5373518437,13391
"41","Denmark",2000,4.48,23.8,48907.0114021027,12536
"42","Denmark",2001,4.16,NA,49133.2231026505,11934
"43","Denmark",2002,4.27,NA,49204.8990055345,11518
"44","Denmark",2003,5.4,25.6,49262.6449732556,11337
"45","Denmark",2004,5.2,24.9,50446.5416048985,11366
"46","Denmark",2005,4.83,25.2,51483.273786293,11693
"47","Denmark",2006,3.9,25.9,53322.2889991783,12217
"48","Denmark",2007,3.8,26.2,53569.0280238008,13067
"49","Denmark",2008,3.68,25.2,52982.5317373493,14111
"50","Denmark",2009,6.41,26.7,50114.0500523227,15469
"51","Denmark",2010,7.75,27.2,50825.4122929358,17037
"52","Denmark",2011,7.77,27.3,51293.2061782002,18519
"53","Denmark",2012,7.8,27.8,51216.309409926,19732
"54","Denmark",2013,7.38,28.5,51479.2664533017,20779
"55","Denmark",2014,6.93,28.4,52048.3354927846,21670
"56","Denmark",2015,6.28,28.2,52892.6460290247,22368
"57","Denmark",2016,5.99,28.2,54185.0084787703,22859
"58","Denmark",2017,5.83,28.7,55356.680780178,23188
"59","Denmark",2018,5.13,28.2,56178.7746299825,23337
"60","Denmark",2019,5.02,27.7,56813.9641554635,23305
"61","Denmark",2020,5.64,27.5,55518.5971009156,23076
"62","Denmark",2021,5.06,NA,57962.6540943813,22746
"63","Denmark",2022,4.172,NA,NA,NA
"64","France",1960,NA,NA,NA,160864
"65","France",1961,NA,NA,NA,177923
"66","France",1962,NA,NA,NA,189952
"67","France",1963,NA,NA,NA,198822
"68","France",1964,NA,NA,NA,203089
"69","France",1965,NA,NA,NA,202497
"70","France",1966,NA,NA,NA,197365
"71","France",1967,NA,NA,NA,188179
"72","France",1968,NA,NA,NA,175643
"73","France",1969,NA,NA,NA,157646
"74","France",1970,NA,37.1,NA,135988
"75","France",1971,NA,NA,NA,115636
"76","France",1972,NA,NA,NA,97770
"77","France",1973,NA,NA,NA,82273
"78","France",1974,NA,NA,NA,70036
"79","France",1975,NA,35.9,NA,60976
"80","France",1976,NA,NA,NA,54481
"81","France",1977,NA,NA,NA,50700
"82","France",1978,NA,NA,NA,48194
"83","France",1979,NA,34,NA,49639
"84","France",1980,NA,NA,NA,53403
"85","France",1981,NA,NA,NA,54535
"86","France",1982,NA,NA,NA,55023
"87","France",1983,NA,NA,NA,54930
"88","France",1984,NA,33.4,NA,53502
"89","France",1985,NA,NA,NA,50391
"90","France",1986,NA,NA,NA,44525
"91","France",1987,NA,NA,NA,37864
"92","France",1988,NA,NA,NA,30843
"93","France",1989,NA,NA,NA,21768
"94","France",1990,NA,32.1,33843.0203949502,11404
"95","France",1991,9.13,NA,33898.2340398527,4385
"96","France",1992,10.2,NA,34269.2834434525,740
"97","France",1993,11.32,NA,33906.2218602936,235
"98","France",1994,12.59,NA,34576.319428202,4295
"99","France",1995,11.83,NA,35176.6221101421,11505
"100","France",1996,12.37,32,35546.5832844174,23046
"101","France",1997,12.57,31.9,36247.6042941415,37822
"102","France",1998,12.07,31.7,37409.3954906364,56608
"103","France",1999,11.98,32.5,38490.040182087,77667
"104","France",2000,10.22,32.6,39726.4884007159,102857
"105","France",2001,8.61,32.5,40220.1008603728,122247
"106","France",2002,8.7,31.8,40381.4595325319,137513
"107","France",2003,8.31,31.4,40425.6380520509,148696
"108","France",2004,8.91,30.6,41265.1269211355,154947
"109","France",2005,8.49,29.8,41638.0317796772,155943
"110","France",2006,8.45,29.7,42362.985412525,151814
"111","France",2007,7.66,32.4,43123.5011328544,142170
"112","France",2008,7.06,33,42993.0595165288,128627
"113","France",2009,8.74,32.7,41544.0226065122,108940
"114","France",2010,8.87,33.7,42145.6819456785,86355
"115","France",2011,8.81,33.3,42862.415796739,65188
"116","France",2012,9.4,33.1,42789.0519131717,49080
"117","France",2013,9.92,32.5,42813.9335350732,36552
"118","France",2014,10.29,32.3,43021.3946358903,26585
"119","France",2015,10.35,32.7,43345.7864281559,18807
"120","France",2016,10.05,31.9,43705.1475593257,14729
"121","France",2017,9.41,31.6,44577.0645745394,13175
"122","France",2018,9.02,32.4,45245.9608684875,14391
"123","France",2019,8.41,31.2,45922.7947390313,17403
"124","France",2020,8.01,30.7,42233.1396001127,18335
"125","France",2021,7.86,NA,44993.1259455262,20614
"126","France",2022,7.445,NA,NA,NA
"127","Germany",1960,NA,NA,NA,100380
"128","Germany",1961,NA,NA,NA,121350
"129","Germany",1962,NA,NA,NA,137698
"130","Germany",1963,NA,NA,NA,152170
"131","Germany",1964,NA,NA,NA,162533
"132","Germany",1965,NA,NA,NA,170903
"133","Germany",1966,NA,NA,NA,176562
"134","Germany",1967,NA,NA,NA,178457
"135","Germany",1968,NA,NA,NA,178954
"136","Germany",1969,NA,NA,NA,175007
"137","Germany",1970,NA,NA,NA,168468
"138","Germany",1971,NA,NA,NA,157046
"139","Germany",1972,NA,NA,NA,141396
"140","Germany",1973,NA,NA,NA,121476
"141","Germany",1974,NA,NA,NA,95670
"142","Germany",1975,NA,NA,NA,63902
"143","Germany",1976,NA,NA,NA,25585
"144","Germany",1977,NA,NA,NA,-919
"145","Germany",1978,NA,NA,NA,-15269
"146","Germany",1979,NA,NA,NA,-18647
"147","Germany",1980,NA,NA,NA,-9445
"148","Germany",1981,NA,NA,NA,10722
"149","Germany",1982,NA,NA,NA,42143
"150","Germany",1983,NA,NA,NA,85198
"151","Germany",1984,NA,NA,NA,142722
"152","Germany",1985,NA,NA,NA,214794
"153","Germany",1986,NA,NA,NA,304200
"154","Germany",1987,NA,NA,NA,375035
"155","Germany",1988,NA,NA,NA,427377
"156","Germany",1989,NA,NA,NA,461795
"157","Germany",1990,NA,NA,36699.4817033163,479954
"158","Germany",1991,5.32,29.5,38294.1549425118,482849
"159","Germany",1992,6.32,29,38734.9384083447,470043
"160","Germany",1993,7.68,28.5,38105.2306021284,441211
"161","Germany",1994,8.73,29.2,38881.5691219288,394809
"162","Germany",1995,8.16,28.7,39366.0886366488,330244
"163","Germany",1996,8.82,28,39568.6024740843,246097
"164","Germany",1997,9.86,28.3,40218.8468799392,178604
"165","Germany",1998,9.79,28.1,41022.6146311397,125369
"166","Germany",1999,8.85,29,41769.8120329084,86982
"167","Germany",2000,7.92,28.8,42928.1813366719,60905
"168","Germany",2001,7.77,29.9,43576.6365260124,48500
"169","Germany",2002,8.48,29.9,43417.3079988044,45985
"170","Germany",2003,9.78,29.9,43089.4738197519,54381
"171","Germany",2004,10.73,30.2,43605.2786723109,73107
"172","Germany",2005,11.17,31.6,43949.2881791796,102694
"173","Germany",2006,10.25,31,45678.0819192686,145046
"174","Germany",2007,8.66,31.1,47100.6097046962,180746
"175","Germany",2008,7.52,30.9,47643.2227372401,211709
"176","Germany",2009,7.74,30.5,45044.4863870437,240968
"177","Germany",2010,6.97,30.3,46999.2399709894,267047
"178","Germany",2011,5.82,30.7,49757.9241566763,293051
"179","Germany",2012,5.38,31.1,49872.4474888681,317082
"180","Germany",2013,5.23,31.5,49954.173749339,342555
"181","Germany",2014,4.98,30.9,50845.5269954271,369027
"182","Germany",2015,4.62,31.4,51159.2974643888,397921
"183","Germany",2016,4.12,31.4,51879.6725937905,432017
"184","Germany",2017,3.75,31.9,53071.4555699913,430803
"185","Germany",2018,3.38,31.8,53431.3928655449,392587
"186","Germany",2019,3.14,31.7,53874.3166510099,360560
"187","Germany",2020,3.86,NA,51840.3296919358,334055
"188","Germany",2021,3.57,NA,53179.6544047515,312735
"189","Germany",2022,2.989,NA,NA,NA
"190","Hungary",1960,NA,NA,NA,-1446
"191","Hungary",1961,NA,NA,NA,-821
"192","Hungary",1962,NA,NA,NA,-2054
"193","Hungary",1963,NA,NA,NA,-342
"194","Hungary",1964,NA,NA,NA,-751
"195","Hungary",1965,NA,NA,NA,-1057
"196","Hungary",1966,NA,NA,NA,-645
"197","Hungary",1967,NA,NA,NA,255
"198","Hungary",1968,NA,NA,NA,-922
"199","Hungary",1969,NA,NA,NA,164
"200","Hungary",1970,NA,NA,NA,583
"201","Hungary",1971,NA,NA,NA,1235
"202","Hungary",1972,NA,NA,NA,818
"203","Hungary",1973,NA,NA,NA,289
"204","Hungary",1974,NA,NA,NA,474
"205","Hungary",1975,NA,NA,NA,1861
"206","Hungary",1976,NA,NA,NA,1225
"207","Hungary",1977,NA,NA,NA,384
"208","Hungary",1978,NA,NA,NA,1338
"209","Hungary",1979,NA,NA,NA,4787
"210","Hungary",1980,NA,NA,NA,-18988
"211","Hungary",1981,NA,NA,NA,-18148
"212","Hungary",1982,NA,NA,NA,-17999
"213","Hungary",1983,NA,NA,NA,-17700
"214","Hungary",1984,NA,NA,NA,-17752
"215","Hungary",1985,NA,NA,NA,-16765
"216","Hungary",1986,NA,NA,NA,-16940
"217","Hungary",1987,NA,NA,NA,-16603
"218","Hungary",1988,NA,NA,NA,-16466
"219","Hungary",1989,NA,NA,NA,-17359
"220","Hungary",1990,NA,NA,NA,17545
"221","Hungary",1991,8.5,NA,16429.7010794849,19281
"222","Hungary",1992,9.94,NA,15932.4996239844,17604
"223","Hungary",1993,12.1,NA,15858.7854892973,17225
"224","Hungary",1994,10.85,NA,16348.5314766891,17065
"225","Hungary",1995,10.17,NA,16615.1625534699,16934
"226","Hungary",1996,10.02,NA,16657.4438558668,16527
"227","Hungary",1997,8.99,NA,17215.6552344826,16324
"228","Hungary",1998,8.93,NA,17928.7345289766,15643
"229","Hungary",1999,6.93,NA,18531.7496543312,14610
"230","Hungary",2000,6.56,NA,19412.1834111207,15478
"231","Hungary",2001,5.67,NA,20249.4476396525,9927
"232","Hungary",2002,5.61,NA,21270.0124793944,2412
"233","Hungary",2003,5.79,NA,22200.1034081041,14182
"234","Hungary",2004,5.83,29.9,23362.8116037033,16803
"235","Hungary",2005,7.19,34.7,24414.5827800472,16615
"236","Hungary",2006,7.49,28.3,25417.5470560859,20926
"237","Hungary",2007,7.41,27.9,25527.5638613037,14398
"238","Hungary",2008,7.82,27.5,25829.0324433882,16664
"239","Hungary",2009,10.03,27,24162.2676854252,19182
"240","Hungary",2010,11.17,29.4,24477.5753134225,11394
"241","Hungary",2011,11.03,29.2,25005.286658847,889
"242","Hungary",2012,11,30.8,24820.5161149403,16048
"243","Hungary",2013,10.18,31.5,25337.5872257154,5296
"244","Hungary",2014,7.73,30.9,26481.1657207028,11571
"245","Hungary",2015,6.81,30.4,27528.3058524247,14166
"246","Hungary",2016,5.11,30.3,28217.3540374351,-982
"247","Hungary",2017,4.16,30.6,29501.1204204706,18044
"248","Hungary",2018,3.71,29.6,31122.5027861567,31976
"249","Hungary",2019,3.42,30,32649.141606821,33559
"250","Hungary",2020,4.25,29.7,31231.5959420002,9042
"251","Hungary",2021,4.05,NA,33593.1519691848,19870
"252","Hungary",2022,3.423,NA,NA,NA
"253","Netherlands",1960,NA,NA,NA,-1845
"254","Netherlands",1961,NA,NA,NA,-469
"255","Netherlands",1962,NA,NA,NA,1376
"256","Netherlands",1963,NA,NA,NA,3544
"257","Netherlands",1964,NA,NA,NA,5663
"258","Netherlands",1965,NA,NA,NA,8091
"259","Netherlands",1966,NA,NA,NA,10636
"260","Netherlands",1967,NA,NA,NA,13608
"261","Netherlands",1968,NA,NA,NA,16791
"262","Netherlands",1969,NA,NA,NA,20270
"263","Netherlands",1970,NA,NA,NA,24024
"264","Netherlands",1971,NA,NA,NA,27272
"265","Netherlands",1972,NA,NA,NA,29789
"266","Netherlands",1973,NA,NA,NA,31535
"267","Netherlands",1974,NA,NA,NA,32613
"268","Netherlands",1975,NA,NA,NA,32971
"269","Netherlands",1976,NA,NA,NA,32630
"270","Netherlands",1977,NA,NA,NA,31478
"271","Netherlands",1978,NA,NA,NA,29717
"272","Netherlands",1979,NA,NA,NA,27325
"273","Netherlands",1980,NA,NA,NA,24210
"274","Netherlands",1981,NA,NA,NA,21737
"275","Netherlands",1982,NA,NA,NA,20102
"276","Netherlands",1983,NA,28.4,NA,19123
"277","Netherlands",1984,NA,NA,NA,18758
"278","Netherlands",1985,NA,NA,NA,19149
"279","Netherlands",1986,NA,NA,NA,20357
"280","Netherlands",1987,NA,26.8,NA,22282
"281","Netherlands",1988,NA,NA,NA,24900
"282","Netherlands",1989,NA,NA,NA,28219
"283","Netherlands",1990,NA,31.1,36461.4190196424,32373
"284","Netherlands",1991,7.28,NA,37057.5831275013,35486
"285","Netherlands",1992,5.56,NA,37405.9299673421,37760
"286","Netherlands",1993,6.29,30.4,37613.2521936233,38984
"287","Netherlands",1994,7.16,NA,38494.2178517725,39389
"288","Netherlands",1995,7.16,NA,39498.1368221301,38760
"289","Netherlands",1996,6.42,NA,40691.8903167389,37200
"290","Netherlands",1997,5.51,NA,42235.4890688287,34673
"291","Netherlands",1998,4.39,NA,43933.5681069516,31182
"292","Netherlands",1999,3.62,28.1,45839.1314634489,26897
"293","Netherlands",2000,2.73,NA,47422.2034047837,21650
"294","Netherlands",2001,2.12,NA,48160.7843668965,17665
"295","Netherlands",2002,2.55,NA,47958.3319661157,14789
"296","Netherlands",2003,3.59,NA,47806.8844286609,13122
"297","Netherlands",2004,4.65,29.8,48586.7046242077,12819
"298","Netherlands",2005,5.87,29,49467.4354267059,13610
"299","Netherlands",2006,5,30,51097.3626113331,15632
"300","Netherlands",2007,4.15,29.6,52909.9697572206,18739
"301","Netherlands",2008,3.65,29.3,53848.2522316971,23206
"302","Netherlands",2009,4.35,27.9,51607.6057272318,28780
"303","Netherlands",2010,4.99,27.8,52032.9865022429,35628
"304","Netherlands",2011,4.98,27.8,52594.2290064164,41782
"305","Netherlands",2012,5.82,27.6,51860.0559942119,46924
"306","Netherlands",2013,7.24,28.1,51640.0766862304,51268
"307","Netherlands",2014,7.42,28.6,52186.9973861206,54876
"308","Netherlands",2015,6.87,28.2,52974.1162200949,57677
"309","Netherlands",2016,6.01,28.2,53847.8265545448,59528
"310","Netherlands",2017,4.84,28.5,55088.6338006744,60585
"311","Netherlands",2018,3.83,28.1,56060.9136269404,60758
"312","Netherlands",2019,3.38,29.2,56784.0372529824,60266
"313","Netherlands",2020,3.82,26,54275.0030465677,58816
"314","Netherlands",2021,4.21,NA,56617.3517924422,57439
"315","Netherlands",2022,3.538,NA,NA,NA
"316","Norway",1960,NA,NA,NA,-1990
"317","Norway",1961,NA,NA,NA,978
"318","Norway",1962,NA,NA,NA,637
"319","Norway",1963,NA,NA,NA,744
"320","Norway",1964,NA,NA,NA,-1909
"321","Norway",1965,NA,NA,NA,-1976
"322","Norway",1966,NA,NA,NA,-1247
"323","Norway",1967,NA,NA,NA,1846
"324","Norway",1968,NA,NA,NA,1647
"325","Norway",1969,NA,NA,NA,2276
"326","Norway",1970,NA,NA,NA,-1319
"327","Norway",1971,NA,NA,NA,3107
"328","Norway",1972,NA,NA,NA,5664
"329","Norway",1973,NA,NA,NA,3396
"330","Norway",1974,NA,NA,NA,4285
"331","Norway",1975,NA,NA,NA,3311
"332","Norway",1976,NA,NA,NA,4776
"333","Norway",1977,NA,NA,NA,4655
"334","Norway",1978,NA,NA,NA,3881
"335","Norway",1979,NA,26.9,NA,2820
"336","Norway",1980,NA,NA,NA,3745
"337","Norway",1981,NA,NA,NA,5878
"338","Norway",1982,NA,NA,NA,5756
"339","Norway",1983,NA,NA,NA,4041
"340","Norway",1984,NA,NA,NA,3801
"341","Norway",1985,NA,NA,NA,6558
"342","Norway",1986,NA,24.6,NA,7476
"343","Norway",1987,NA,NA,NA,13732
"344","Norway",1988,NA,NA,NA,10240
"345","Norway",1989,NA,NA,NA,-1739
"346","Norway",1990,NA,NA,42136.6031677456,1895
"347","Norway",1991,5.41,25.2,43229.9163195117,8076
"348","Norway",1992,5.91,NA,44517.4357160017,10216
"349","Norway",1993,5.97,NA,45512.3902170491,12589
"350","Norway",1994,5.35,NA,47541.7667101406,7652
"351","Norway",1995,6.31,26,49260.9695215676,6522
"352","Norway",1996,5.04,NA,51476.1992154047,5756
"353","Norway",1997,4.69,NA,53903.4378206491,9777
"354","Norway",1998,3.74,NA,54989.7027325446,13331
"355","Norway",1999,3.25,NA,55713.7558893203,19147
"356","Norway",2000,3.46,27.4,57127.3819959897,9789
"357","Norway",2001,3.74,NA,58018.3114261599,7888
"358","Norway",2002,4.02,NA,58540.8454427638,17269
"359","Norway",2003,4.22,27.6,58728.1569902155,11447
"360","Norway",2004,4.26,31.6,60699.5665822807,13425
"361","Norway",2005,4.38,30.6,61870.3645561435,18467
"362","Norway",2006,3.4,26.4,62846.9386813354,24017
"363","Norway",2007,2.49,27.1,64062.4393106033,39806
"364","Norway",2008,2.55,27,63570.3414789942,43884
"365","Norway",2009,3.1,26.2,61689.5585425125,39234
"366","Norway",2010,3.52,25.7,61353.4773254345,42906
"367","Norway",2011,3.21,25.3,61157.1299274456,47281
"368","Norway",2012,3.12,25.7,61990.6923569269,47786
"369","Norway",2013,3.42,26.4,61878.9751793609,40480
"370","Norway",2014,3.48,26.8,62390.1303126574,38565
"371","Norway",2015,4.3,27.5,62987.5162863772,30329
"372","Norway",2016,4.68,28.5,63104.0807823312,26425
"373","Norway",2017,4.16,27,64050.7561654659,21584
"374","Norway",2018,3.8,27.6,64341.2586813606,18388
"375","Norway",2019,3.69,27.7,64385.0059928545,25564
"376","Norway",2020,4.42,NA,63548.0008158322,10756
"377","Norway",2021,4.37,NA,65662.1743876638,10604
"378","Norway",2022,3.171,NA,NA,NA
"379","Poland",1960,NA,NA,NA,-20564
"380","Poland",1961,NA,NA,NA,-20143
"381","Poland",1962,NA,NA,NA,-23676
"382","Poland",1963,NA,NA,NA,-19321
"383","Poland",1964,NA,NA,NA,-19967
"384","Poland",1965,NA,NA,NA,-18112
"385","Poland",1966,NA,NA,NA,-15825
"386","Poland",1967,NA,NA,NA,-15646
"387","Poland",1968,NA,NA,NA,-20332
"388","Poland",1969,NA,NA,NA,-24738
"389","Poland",1970,NA,NA,NA,-71601
"390","Poland",1971,NA,NA,NA,-25735
"391","Poland",1972,NA,NA,NA,-28949
"392","Poland",1973,NA,NA,NA,-28055
"393","Poland",1974,NA,NA,NA,-26337
"394","Poland",1975,NA,NA,NA,-28852
"395","Poland",1976,NA,NA,NA,-29167
"396","Poland",1977,NA,NA,NA,-27206
"397","Poland",1978,NA,NA,NA,-48331
"398","Poland",1979,NA,NA,NA,-19290
"399","Poland",1980,NA,NA,NA,-12083
"400","Poland",1981,NA,NA,NA,-8982
"401","Poland",1982,NA,NA,NA,-20519
"402","Poland",1983,NA,NA,NA,-8333
"403","Poland",1984,NA,NA,NA,-5047
"404","Poland",1985,NA,NA,NA,-12963
"405","Poland",1986,NA,NA,NA,-20986
"406","Poland",1987,NA,NA,NA,-25496
"407","Poland",1988,NA,NA,NA,-98303
"408","Poland",1989,NA,NA,NA,-36389
"409","Poland",1990,NA,NA,11259.4374539943,-41244
"410","Poland",1991,12.963,NA,10432.4553060386,-44836
"411","Poland",1992,13.65,NA,10662.0805170735,-43464
"412","Poland",1993,14.39,NA,11032.5539913076,-38654
"413","Poland",1994,14.83,NA,11591.9988643683,-36956
"414","Poland",1995,13.7,NA,12398.5241269417,-48065
"415","Poland",1996,12.68,NA,13146.7560855391,-38917
"416","Poland",1997,10.96,NA,13985.4335763903,-37561
"417","Poland",1998,9.94,NA,14629.1983574495,-39215
"418","Poland",1999,12.29,NA,15311.4429382645,-24652
"419","Poland",2000,16.31,NA,16177.8676699697,315602
"420","Poland",2001,18.37,NA,16385.9971738588,-21293
"421","Poland",2002,19.89,NA,16727.3397661722,-21339
"422","Poland",2003,19.37,NA,17324.2161873998,-22621
"423","Poland",2004,19.07,38,18198.100044371,-17064
"424","Poland",2005,17.75,35.8,18844.5574819997,-21324
"425","Poland",2006,13.84,34.7,20012.6211116462,-47251
"426","Poland",2007,9.6,34,21437.4577379953,-29316
"427","Poland",2008,7.12,33.5,22334.7808599997,-20946
"428","Poland",2009,8.17,33.4,22951.7848210238,14220
"429","Poland",2010,9.64,33.2,23692.9092287668,-8835
"430","Poland",2011,9.63,33.2,24874.1718607858,-12188
"431","Poland",2012,10.09,33,25258.5933172132,-12077
"432","Poland",2013,10.33,33.1,25490.3289111664,-27597
"433","Poland",2014,8.99,32.8,26488.2002530072,-24234
"434","Poland",2015,7.5,31.8,27667.6890834735,-25426
"435","Poland",2016,6.16,31.2,28497.1036117662,-1967
"436","Poland",2017,4.89,29.7,29958.1207092074,-1983
"437","Poland",2018,3.85,30.2,31739.2569617723,-8736
"438","Poland",2019,3.28,28.8,33159.749027584,-2974
"439","Poland",2020,3.16,NA,32546.8259419319,-779
"440","Poland",2021,3.36,NA,34915.5235741243,-2968
"441","Poland",2022,2.602,NA,NA,NA
"442","Spain",1960,NA,NA,NA,-150213
"443","Spain",1961,NA,NA,NA,-33339
"444","Spain",1962,NA,NA,NA,-42096
"445","Spain",1963,NA,NA,NA,-36275
"446","Spain",1964,NA,NA,NA,-33780
"447","Spain",1965,NA,NA,NA,-36245
"448","Spain",1966,NA,NA,NA,-32459
"449","Spain",1967,NA,NA,NA,-27597
"450","Spain",1968,NA,NA,NA,-40257
"451","Spain",1969,NA,NA,NA,-34330
"452","Spain",1970,NA,NA,NA,-53295
"453","Spain",1971,NA,NA,NA,14581
"454","Spain",1972,NA,NA,NA,7538
"455","Spain",1973,NA,NA,NA,9876
"456","Spain",1974,NA,NA,NA,105120
"457","Spain",1975,NA,NA,NA,1177
"458","Spain",1976,NA,NA,NA,4854
"459","Spain",1977,NA,NA,NA,195
"460","Spain",1978,NA,NA,NA,-1893
"461","Spain",1979,NA,NA,NA,-6124
"462","Spain",1980,NA,34.5,NA,15108
"463","Spain",1981,NA,NA,NA,-6044
"464","Spain",1982,NA,NA,NA,-16439
"465","Spain",1983,NA,NA,NA,-21369
"466","Spain",1984,NA,NA,NA,-18090
"467","Spain",1985,NA,34.4,NA,-17354
"468","Spain",1986,NA,NA,NA,-19462
"469","Spain",1987,NA,NA,NA,-22528
"470","Spain",1988,NA,NA,NA,-24067
"471","Spain",1989,NA,NA,NA,-31560
"472","Spain",1990,NA,32,27528.4132467605,-38206
"473","Spain",1991,15.93,NA,28157.5268953763,123866
"474","Spain",1992,17.7,NA,28280.3260908948,162339
"475","Spain",1993,22.16,NA,27843.8593467468,162620
"476","Spain",1994,24.21,NA,28372.0314344106,162131
"477","Spain",1995,22.68,36.7,29025.9945784136,164507
"478","Spain",1996,22.14,NA,29674.392750146,164247
"479","Spain",1997,20.7,NA,30644.3794443942,166516
"480","Spain",1998,18.67,NA,31858.4991101859,168468
"481","Spain",1999,15.48,NA,33154.4666207698,170694
"482","Spain",2000,13.79,34.3,34738.0568248096,175213
"483","Spain",2001,10.35,NA,35854.5847170553,185594
"484","Spain",2002,11.15,NA,36317.1006783319,741349
"485","Spain",2003,11.28,31.8,36729.7697105221,662840
"486","Spain",2004,11.09,33.3,37228.7982165672,661105
"487","Spain",2005,9.15,32.4,37942.0075754017,632974
"488","Spain",2006,8.45,33.5,38836.5937852313,658689
"489","Spain",2007,8.23,34.1,39498.591328633,774489
"490","Spain",2008,11.25,34.2,39218.2916195663,430778
"491","Spain",2009,17.86,34.9,37409.6428703791,130589
"492","Spain",2010,19.86,35.2,37298.4693037577,62782
"493","Spain",2011,21.39,35.7,36863.4930975241,57170
"494","Spain",2012,24.79,35.4,35749.5127897115,-144619
"495","Spain",2013,26.09,36.2,35363.5105480176,-254292
"496","Spain",2014,24.44,36.1,35964.4613049308,-94869
"497","Spain",2015,22.06,36.2,37373.9507171987,-871
"498","Spain",2016,19.64,35.8,38476.787200798,89021
"499","Spain",2017,17.22,34.7,39528.9253872668,167475
"500","Spain",2018,15.25,34.7,40255.2537632492,339064
"501","Spain",2019,14.1,34.3,40760.3089598945,458942
"502","Spain",2020,15.53,34.9,35967.8915333896,208791
"503","Spain",2021,14.78,NA,37913.0757304769,275022
"504","Spain",2022,13.009,NA,NA,NA
"505","Sweden",1960,NA,NA,NA,14792
"506","Sweden",1961,NA,NA,NA,16108
"507","Sweden",1962,NA,NA,NA,17188
"508","Sweden",1963,NA,NA,NA,17993
"509","Sweden",1964,NA,NA,NA,18697
"510","Sweden",1965,NA,NA,NA,19129
"511","Sweden",1966,NA,NA,NA,19267
"512","Sweden",1967,NA,NA,NA,18977
"513","Sweden",1968,NA,NA,NA,18272
"514","Sweden",1969,NA,NA,NA,17334
"515","Sweden",1970,NA,NA,NA,15779
"516","Sweden",1971,NA,NA,NA,14363
"517","Sweden",1972,NA,NA,NA,13131
"518","Sweden",1973,NA,NA,NA,12147
"519","Sweden",1974,NA,NA,NA,11254
"520","Sweden",1975,NA,24.3,NA,10588
"521","Sweden",1976,NA,NA,NA,10238
"522","Sweden",1977,NA,NA,NA,10098
"523","Sweden",1978,NA,NA,NA,10204
"524","Sweden",1979,NA,NA,NA,10422
"525","Sweden",1980,NA,NA,NA,11174
"526","Sweden",1981,NA,22.9,NA,11834
"527","Sweden",1982,NA,NA,NA,12496
"528","Sweden",1983,NA,NA,NA,13153
"529","Sweden",1984,NA,NA,NA,13823
"530","Sweden",1985,NA,NA,NA,14534
"531","Sweden",1986,NA,NA,NA,15194
"532","Sweden",1987,NA,23.1,NA,15812
"533","Sweden",1988,NA,NA,NA,16519
"534","Sweden",1989,NA,NA,NA,17140
"535","Sweden",1990,NA,NA,34156.8202971425,17724
"536","Sweden",1991,3.24,NA,33536.0149056118,18514
"537","Sweden",1992,5.72,24.9,32953.6182903423,19363
"538","Sweden",1993,9.33,NA,32086.0126428301,20278
"539","Sweden",1994,9.58,NA,33110.8255761839,21185
"540","Sweden",1995,8.9,25.2,34233.7027776288,22161
"541","Sweden",1996,9.55,NA,34719.1107469171,23219
"542","Sweden",1997,10.36,NA,35764.6847640308,24183
"543","Sweden",1998,8.94,NA,37286.0953943757,25405
"544","Sweden",1999,7.61,NA,38839.4262714954,26554
"545","Sweden",2000,5.47,27.2,40625.3620520538,27734
"546","Sweden",2001,4.73,NA,41103.7264589774,29249
"547","Sweden",2002,4.97,NA,41870.2591560099,31068
"548","Sweden",2003,5.55,25.3,42678.2841388566,33445
"549","Sweden",2004,6.69,26.1,44354.3910620977,36044
"550","Sweden",2005,7.49,26.8,45440.2967492535,39103
"551","Sweden",2006,7.07,26.4,47292.3136933265,42580
"552","Sweden",2007,6.16,27.1,48557.3843477247,46383
"553","Sweden",2008,6.23,28.1,47963.4937520407,50669
"554","Sweden",2009,8.35,27.3,45492.768174936,55405
"555","Sweden",2010,8.61,27.7,47791.3715245947,60639
"556","Sweden",2011,7.8,27.6,48947.4393112155,65397
"557","Sweden",2012,7.98,27.6,48300.8425001578,69451
"558","Sweden",2013,8.05,28.8,48462.1600029489,72873
"559","Sweden",2014,7.95,28.4,49258.9961639539,75670
"560","Sweden",2015,7.43,29.2,50928.962975552,77987
"561","Sweden",2016,6.99,29.6,51334.4320301641,79667
"562","Sweden",2017,6.72,28.8,51947.9542478244,80765
"563","Sweden",2018,6.36,30,52349.2924275599,81492
"564","Sweden",2019,6.83,29.3,52850.5691792533,81585
"565","Sweden",2020,8.29,28.9,51331.2822226344,81066
"566","Sweden",2021,8.72,NA,53613.4217306257,80097
"567","Sweden",2022,7.358,NA,NA,NA
